331,bûche de noël à la mousse au chocolat facile,dessert,chocolat
332,bûche de noel chocolat framboise sans gluten et sans lactose,dessert,chocolat
333,petits gâteaux de noël à la cannelle (alsace),dessert,autre
334,pancakes & praliné noisettes de goodplanet,dessert,autre
335,bûche de noël à la cannelle et au pain d'épices,dessert,épices
336,papillote de poulet à la moutarde (recette de régime),plat principal,viande
337,la recette facile du welsh parfait,plat principal,viande
338,tarte aux blettes (recette ancienne),plat principal,legumes
339,poutine aux boulettes de légumes,plat principal,legumes
340,gâteau marbré recette de grand-mère au thermomix,dessert,autre
341,pommes de terre à la riojana (recette espagnole),plat principal,legumes
342,nouilles chinoises sautées au wok (recette de pekin),plat principal,pates
343,bouillon de poulet avec kneidler (recette juive polonaise),plat principal,viande
344,curry d’automne au lait de coco,plat principal,legumes
345,bûche de noël à la mousse de framboise et de mangue,dessert,fruit
346,recette d'amoureux,plat principal,love
348,chocolats de noël pâte à tartiner et noisette,confiserie,chocolat
349,wok de gambas par laurent mariotte,plat principal,poisson
350,pompette de noël ultra simple  (biscuit de provence ),dessert,autre
351,tomates farcies au thon (recette légère),entrée,poisson
353,pâtes au chou-fleur (recette italienne),plat principal,pates
354,"cocottes légères de patate douce, fromage à raclette richesmonts et graines de courges",plat principal,legumes
355,chausson au chèvre et poulet (recette minceur),plat principal,viande
356,paté a la citrouille (recette berrichonne),plat principal,legumes
357,flan d'ananas ou pudim (recette portugaise),dessert,fruit
358,bûche de noël mousse framboise et ganache chocolat,dessert,chocolat
359,muffins carotte et graines de courge,dessert,autre
360,bûche de noêl à la mûre et à la vanille,dessert,fruit
361,"rochers croquants de noël  (noisette, coco, cannelle)",dessert,autre
362,gâteau pommes cannelle et ses sablés village de noël,dessert,autre
363,recette vietnamienne,plat principal,pates
364,fish paprika de julien duboué,plat principal,poisson
365,gâteau marbré recette de grand-mère au cooking chef,dessert,autre
366,gâteau marbré recette de grand-mère au monsieur cuisine,dessert,autre
367,mugcake aux pépites de chocolat (recette au micro-ondes),dessert,chocolat
368,pâtes à l'espadon (recette de zia mela de sicile),plat principal,pates
369,galette chocolat barres de caramel,dessert,chocolat
370,ma recette de base pour sorbetière,dessert,autre
373,dinde de noël façon tajine avec ses potatoes de butternut au four,plat principal,viande
375,buche de noël praliné-chocolat de mon arrière-grand-mère,dessert,chocolat
376,petits gâteaux à la pâte d'amande pour noël,confiserie,biscuit
377,bottereaux (recette mamie jeanne pour mardi gras),dessert,autre
378,poivrons farcis à l'oeuf (recette espagnole),plat principal,legumes
379,gaspacho de tomates lacto-fermentées,entrée,legume
380,moule frites bière véritable recette ch'ti,plat principal,poisson
381,hoggeï  (pain aux fruits des noëls alsaciens),dessert,fruit
382,rôti de porc aux oignons (recette micro-ondes),plat principal,viande
383,fondue vigneronne de noël,plat principal,legumes
384,minestrone de nectarines par laurent mariotte,dessert,fruit
385,bûche de noël pistachée,dessert,autre
386,buche glacée poire chocolat aux epices de noel,dessert,chocolat
387,baeckeoffe de canard aux épices de noël et fruits secs,plat principal,viande
388,cupcakes anglais de tata geraldine (recette simple et rapide),dessert,autre
389,cookie vegan de ela ryth,dessert,autre
390,flon saviésan aux quetsches (recette traditionnelle de mon village),dessert,autre
391,tajine d'agneau nappé de potiron confit (recette marocaine),plat principal,viande
392,recette simple et délicieuse de petits sablés à la vanille,dessert,autre
394,coupelles de nougat moelleux au nutella®,dessert,chocolat
395,la véritable recette des ponchki (beignets polonais),dessert,autre
396,"dinde ""mole poblano"" aux figues de jacqueline (noël)",plat principal,viande
397,petits financiers de noël au chocolat et beurre demi-sel,dessert,chocolat
398,gingerbread christmas cookies (biscuits en pain d'épices de noël),confiserie,biscuit
401,le train de noël,dessert,autre
402,halwat tabaâ (gâteaux secs algérois) recette de ma belle-maman,dessert,autre
404,boulettes de boeuf en brochette par laurent mariotte,plat principal,viande
406,croquets (recette de bénichon),confiserie,biscuit
407,cannellonis (recette de famille),plat principal,pates
408,crostini de foies et coeurs de poulet ou lapin (recette originale de florence),entrée,viande
409,soupe de nouilles façon bœuf bourguignon,plat principal,pates
411,financiers aux restes de chocolat de noël ou pâques par stéphanie bienvenu,dessert,chocolat
412,recette de fruits de nico,entrée,legume
413,bûche de noël addy,dessert,autre
414,bavette sauce au poivre de laurent mariotte,plat principal,viande
415,fruits chauds de noël,dessert,fruit
416,gâteaux de noël (finlande),dessert,autre
418,rennes de noël en chamallow,confiserie,bonbon
420,poulet rôti à la marocaine (recette facile mais bonne),plat principal,viande
421,chou blanc à la viande hachée (recette allemande),plat principal,viande
422,flan de tapioca aux bananes et aux épices (recette malgache),dessert,fruit
423,etoiles de noël au fromage,entrée,legume
424,truffes à la noix de coco et au nutella®,confiserie,chocolat
425,gâteau russe de noël,dessert,autre
426,hilda : petits gâteaux de noël alsaciens fourrés framboise (hildabredle),dessert,fruit
429,melon au granité de monbazillac par laurent mariotte,dessert,fruit
430,rosolli (recette laponne),entrée,legume
431,"beignets aux fleurs d'acacias (placki, recette polonaise)",dessert,autre
432,poivrons farcis aux œufs (recette micro-ondes),plat principal,legumes
433,sufllaqe (recette albanaise),plat principal,legumes
434,carpaccio d'aiguillettes de canard par laurent mariotte,plat principal,viande
435,pho (recette rapide),plat principal,legumes
436,biscuits allemands pour noël,confiserie,biscuit
437,asperges à la flamande (recette belge bien connue),entrée,legume
438,"chich taouk (poulet mariné grillé, recette libanaise)",plat principal,viande
439,donuts au beurre de cacahuètes skippy®️,dessert,autre
440,la pizza margherita (recette réalisable à la maison),plat principal,pates
441,crumble façon noël,entrée,legume
442,boules de noix de noel,confiserie,biscuit
443,carne de porco alentejana (emincé de porc aux vongoles) recette portugaise,plat principal,viande
444,curry de poulet tikka masala patak's,plat principal,viande
445,"chichis ""recette légère""",confiserie,biscuit
446,bollitos (recette vénézuelienne),entrée,legume
447,patranque (recette auvergnate),plat principal,legumes
448,terrine de lapin (recette familiale),entrée,viande
449,houmous au beurre de cacahuètes skippy®️,entrée,legume
450,pita (recette yougoslave),plat principal,pates
451,croquets (recette pour enfant),confiserie,biscuit
452,rafourrée (recette belge),plat principal,pates
454,paupiettes de veau aux poires au cookeo,plat principal,viande
456,vindaye de poulet (recette créole),plat principal,viande
457,petits gâteaux de noël très rapides,confiserie,biscuit
458,brioches de noël au citron confit,dessert,fruit
459,cake aux carottes et fanes de carottes,dessert,autre
460,bredeles de noël à la vanille,dessert,autre
461,roses de noël : légumes et jambon,entrée,legume
462,truffon chocolat - châtaignes de noël,dessert,chocolat
463,cake de noël aux marrons,dessert,fruit
464,la tourtière canadienne de juan arbelaez,plat principal,pates
465,cake de noël aux marrons,dessert,fruit
466,beignets de semoule : la recette traditionnelle,dessert,autre
467,saucisses de lucanie (recette italienne),plat principal,viande
469,biscuits fourrés à la crème de noisette,dessert,autre
470,chtetra (recette algérienne),plat principal,pates
472,risotto aux champignons (recette italienne du risotto alla fungaiola),plat principal,pates
473,ma recette de crêpes perso,plat principal,pates
474,pizza veggie aux bouchées de soja,plat principal,pates
475,coulom (brioche d'avant noël),dessert,autre
476,petits nuages blancs de noël,confiserie,biscuit
477,bombe de noël au grand-marnier,dessert,autre
478,une crème glacée de noël,dessert,autre
479,paupiettes de veau aux lardons et champignons,plat principal,viande
480,gâteau aux carottes nappage  'cream cheese' (recette hollandaise),dessert,autre
481,la véritable recette de la barigoule,plat principal,legumes
482,tourte de bette (recette niçoise),dessert,autre
484,tatin de navet et poireaux grillés au cumin,plat principal,legumes
486,ma première buche de noël,dessert,autre
487,volailles aux épices de noël,plat principal,viande
488,bûche de noël façon tiramisu,dessert,autre
489,tarte fine de courgette par laurent mariotte,plat principal,pates
490,biscuit anglais de noël simplissime,dessert,autre
491,dessert de noel aussi simple que délicieux !,dessert,autre
492,pragerplätzchen (sablés de noël meringués),dessert,autre
493,sapin de noël aux bonbons,dessert,autre
494,rôti de porc savoureux à la moutarde,plat principal,viande
495,poularde de noël au chutney de mangue,plat principal,legumes
497,poulet au citron (recette médiévale),plat principal,viande
498,salade blanquite recette tunisienne,entrée,legume
499,côte de veau panée au sésame et au citron,plat principal,viande
500,recette 'à l'improviste' rapide,plat principal,legumes
501,gâteau au pavot (recette polonaise),dessert,autre
502,roulades de poulet au bacon (recette anglaise),plat principal,viande
504,"religieuse rose/framboise, éclats de pistaches",dessert,fruit
505,brioche mousseline (recette sans lait de vache),dessert,autre
506,recette belge du gâteau au chocolat,dessert,chocolat
507,poulet pilafi (recette crétoise),plat principal,viande
509,onglet de bœuf sauce satay par laurent mariotte,plat principal,viande
511,brioche mousseline (recette sans lait de vache),dessert,autre
512,tuiles de mari et akiko (recette japonaise),confiserie,biscuit
513,recette allemande de viande marinée : sauerbraten,plat principal,viande
515,poulet aux langoustines pour noël,plat principal,viande
516,fromage de tête de cochon (recette lyonnaise),entrée,viande
517,gâteau conquistador (recette anglaise),dessert,autre
518,tagliatelles au gorgonzola (recette italienne),plat principal,pates
519,velouté de potiron à la sauce korma patak's,entrée,legume
520,crostinis florentins (recette maison),entrée,legume
521,confiture de noel aux fruits secs,confiserie,biscuit
522,nems feuilletés de noël (aux escargots),entrée,poisson
523,gâteau léger aux épices de noël,dessert,épices
524,smoothie bowl au beurre de cacahuètes skippy®️,dessert,autre
525,gâteau léger aux épices de noël,dessert,épices
526,"boulettes de viande aplaties, recette serbe.",plat principal,viande
527,recette d'encornets pour femmes actives,plat principal,pates
528,rougail de crevettes de madagascar (recette malgache),plat principal,poisson
529,focaccia aux herbes de provence par laurent mariotte,plat principal,pates
531,recette moelleuse de madeleines (base raisins),dessert,fruit
532,petits gâteaux de noël à la confiture,dessert,autre
533,biscuits de noël faciles miel et cannelle,dessert,autre
534,gaufre liégeoise au beurre de cacahuètes skippy®️,dessert,autre
536,cobb salad (recette américaine),entrée,legume
537,gâteau au fromage (recette traditionnelle),dessert,autre
538,bûche de noël légère sans crème de marrons,dessert,fruit
539,ballotines de volaille et risotto d'orzo aux champignons,plat principal,viande
540,coeurs de noël au chocolat (non cuits),confiserie,chocolat
541,bredeles au kirsch (gateaux de noel alsaciens),entrée,legume
542,bûche de noël à la patate douce,dessert,autre
543,bûche de noël à la mousse de fruits,dessert,fruit
544,le sauté de veau aux champignons,plat principal,viande
545,flan à la cannelle (recette espagnole),dessert,autre
546,porc aux sojas (recette light),plat principal,viande
547,boeuf au poireaux de ma grand-mère (recette picarde),plat principal,viande
548,carbonade aux rognons (recette de marie denis),plat principal,viande
549,brochettes de crêpes au nutella® et aux fruits,dessert,chocolat
550,tarte à la gelée de pastèque (recette sicilienne),dessert,fruit
551,pintade de noël aux pruneaux et aux marrons,plat principal,legumes
552,risotto alle vongole (recette vénitienne),plat principal,pates
553,feqqas aux amandes (recette marocaine),dessert,autre
554,gâteau à l'ananas de laurent mariotte,dessert,fruit
555,la bignaïe (vieille recette de crêpes maraichines),dessert,autre
556,tarte aux pommes de terre (recette du champsaur),entrée,legume
557,"roz jerbi (riz de djerba, recette tunisienne)",plat principal,pates
558,"salade de navets à la harissa, recette tunisienne",entrée,legume
559,"ravioles farcies au skyr, ricotta et duxelle de champignons",plat principal,pates
561,boulets à la liégeoise - recette de ma grand-mère,plat principal,legumes
562,hachis parmentier relevé - recette léo,plat principal,pates
563,bibleskäse (recette alsacienne au fromage blanc),plat principal,pates
564,energy balls au beurre de cacahuètes skippy®️,confiserie,bonbon
565,raviolis aux myrtilles (recette polonaise),dessert,fruit
566,soupe au cheddar et au brie (recette californienne),entrée,legume
567,gâteau aux carottes (recette norvégienne),dessert,autre
568,la véritable recette de spéculoos à l'ancienne,dessert,autre
569,salade de lentilles au saumon fumé et aux herbes,entrée,poisson
570,recette de gâteau vanille chocolat hello kitty,dessert,chocolat
571,"la ""vraie"" recette de spaghetti à la romaine",plat principal,pates
572,"cookie croquant et moelleux "" recette de ma grand-mère""",confiserie,biscuit
573,restes de chocolats de noël : feuilletés aux poires,dessert,chocolat
574,tartelettes chocolat caramel et noix de pécan caramélisées,dessert,chocolat
575,kourambiedes (biscuits grecs de noël et jour de l'an),dessert,autre
576,lapin à la moutarde (recette allégée),plat principal,viande
577,gateau chocolat noisette (recette italienne),dessert,chocolat
578,crostata alla ricotta (recette italienne),dessert,autre
579,rouleau de printemps à la vache qui rit®,entrée,legume
580,soupe de poulet (inspirée d'une recette malgache),plat principal,viande
581,aspic de poisson aux câpres (recette diététique),plat principal,poisson
582,truffes choco-coco (spécial noël),confiserie,chocolat
583,"l' or dur du père noël ( foie gras sur pain d'épice, purée d'oignons aux dattes )",entrée,viande
584,pilons de poulet aigre-doux par laurent mariotte,plat principal,viande
585,biscuits de noël à la canneberge et noix de pécan,confiserie,biscuit
586,pompe à l'huile et autres desserts de noël,dessert,autre
587,"sylvabelle, gâteau au chocolat, recette familiale",dessert,chocolat
588,les oeufs au nid (recette au fromage),entrée,legume
589,banana cake aux pépites de chocolat corsé,dessert,chocolat
590,pain d'olives noires (recette provençale),entrée,legume
591,soupe aux épinards (recette libanaise),plat principal,legumes
592,agneau à l'abricot (recette turque),plat principal,legumes
593,oeufs à l'alexandrine (recette égyptienne),entrée,legume
594,socca et crème de roquette aux olives vertes,entrée,legume
595,charlotte aux mandarines (recette d'olga),dessert,fruit
596,boeuf à la crème (recette tchèque),plat principal,viande
597,salade d'oranges à l'auvergnate (pour noël),dessert,fruit
598,plat de macaronis à l'ail (recette de ma grand-mère),plat principal,pates
599,tarte à la fondue de poireaux et fromage frais,plat principal,pates
600,recette de lapin a la bière quintine et 2 raisins,plat principal,viande
601,la tentation de janssons (janssons fretelse - recette suédoise),plat principal,pates
602,soupe au curry et aux vermicelles de riz (recette malaisienne),plat principal,legumes
603,tripes au  beurre en cocotte (vieille recette de grand-mère),plat principal,viande
604,carpaccio de betterave et chou-rave par laurent mariotte,entrée,legume
605,porc à la moutarde à l'ancienne (recette de maman),plat principal,viande
606,boules sablées coco au chocolat (recette tchèque),dessert,chocolat
607,causa rellena (purée fourrée - recette péruvienne),entrée,legume
608,gâteau à la carotte (the recette américaine !),dessert,autre
609,salade de riz sauvage au thon en 20 minutes,plat principal,legumes
611,canard laqué aux graines de sésame (recette légère),plat principal,viande
612,boulettes de boeuf à l'ananas gerdilien (recette créole),plat principal,viande
613,la charlotte : recette de base à toutes les variantes,dessert,autre
614,risotto et sa poêlée de tomates en 20 minutes,plat principal,pates
615,galette sèche ( recette familiale franc-comtoise!),dessert,autre
616,pois chiche à la rouge (recette espagnole),plat principal,legumes
617,l'exquise mais trop méconnue recette du gâteau à la farine de châtaignes,dessert,fruit
618,bulots parfumés aux feuilles de citron (recette cambodgienne),entrée,poisson
620,"gratin de poireaux, champignons, jambon et fromage (recette belge)",plat principal,legumes
621,recette franco-suisse à la viande des grisons,entrée,viande
622,pot-au-feu aux pruneaux (recette bretonne),plat principal,legumes
623,soupe à la boulette (belgique - recette flamande),entrée,viande
624,risotto de coquillettes jambon truffe par laurent mariotte,plat principal,pates
626,hakuka (recette 168 ans avant l'ère chrétienne),dessert,autre
627,tanche au vinaigre balsamique (recette d'après pêche),plat principal,poisson
628,le broyé du poitou sans oeuf - recette de grand-mère,dessert,autre
629,emincés de soja façon butter chicken au cookéo,plat principal,legumes
630,apple crumble - recette de ma belle-mere welsho-australienne,dessert,autre
631,recette de porc à la bière toute simple et pas chère,plat principal,viande
632,velouté de noël et son œuf poché à l'huile de truffe,entrée,legume
633,salade liégeoise au chou-fleur (recette belge),plat principal,legumes
634,"burger de veau, brousse au pesto, roquette-épinard",plat principal,viande
635,gnocchi aux prunes (knedle - recette croate),dessert,fruit
636,cookies de noël (à l'orange et aux 4 épices),dessert,épices
637,berlinerbrot (petits gâteaux de noël chocolat amandes cannelle),dessert,chocolat
638,"recette de lasagne de saumon fumé, aux chanterelles et aux brocolis",plat principal,poisson
639,mini croissants au beurre de cacahuètes skippy®️,dessert,autre
640,recette du petit flan (au temps du moyen-âge),dessert,autre
641,puits d'amour à la créole (recette réunionnaise),dessert,autre
642,banana bread ultra fondant (recette américaine),dessert,fruit
644,brochettes de mini saltimbocca aux légumes grillés,plat principal,viande
645,papet aux poireaux de mamou (recette traditionnelle suisse du canton de vaud),plat principal,legumes
646,poulet thaï (tom kha kai) la vrai recette,plat principal,viande
647,gâteau de noël aux fruits secs et fruits confits (confiserie),confiserie,biscuit
648,"dinde de noël aux truffes, parfumée aux 4 épices",plat principal,viande
649,grillade de veau marinée au paprika et à l’origan,plat principal,viande
650,"pains de noël aux raisins, aux amandes et aux écorces d'agrumes",dessert,fruit
651,"recette néo-zélandaise de porc aux kiwis, sauce à la noix de coco",plat principal,viande
652,trovi ya nadzi (banane aux coco) recettes mahoraise,plat principal,legumes
653,"mousse de mandarines aux épices de noël, spéculoos et noix aux deux chocolats",dessert,chocolat
654,pâtes aux champignons et noix de cajou par laurent mariotte,plat principal,pates
655,glace indienne à la mangue et aux oeufs : recette rapide,dessert,fruit
656,riz sauté au poulet (khao phad kai - recette thaïlandaise),plat principal,viande
659,choux de bruxelles et patate douce rôtis par laurent mariotte,plat principal,legumes
660,gratin de reste de rôti de porc,plat principal,viande
662,gratin de pommes de terre et de tomates,plat principal,legumes
663,gratin de poisson et de fruits de mer,plat principal,poisson
664,"curry de légumes (champignons, carotte, poireaux et patate douce)",plat principal,legumes
665,galettes de pommes de terre de pontivy,plat principal,legumes
666,salade de gésiers de canard et de volaille,plat principal,viande
,titre,tag_1,categorie